URL,Title,Content,Image URLs,Tags,Comments
https://blog.naver.com/tablestorystudio/223666930153,여의도 맛집 서울 블루리본 장어덮밥 타마 스시 ps 포장,"사진 영상 글 @ 소일소이
지난 9월에 남편 생일 축하겸
제가 한턱 쏜다고
남편에게 먹고 싶은 걸 정하라고 했더니
장어덮밥 메뉴를 얘기하더라구요!
서울 장어덮밥 식당이 여러 군데 있긴 한데
그 중에서도 저희가 간 곳은
여의도 맛집으로 유명한 타마 스시
위치
[ 위치 ]
지하철 9호선 국회의사당역 3번 출구에서
10분 정도 걸어 중소기업중앙회 1층에 있어요.
토요일에 방문했었는데
여의도 맛집 건물에 웨딩홀이 있어서 그런지
사람들로 북적북적
플러스, 타마 스시 브레이크 시간이라
1층 한바퀴를 둘러보는데도
눈에 들어오질 않아서 한참 헤맸네요.
건물 후문으로 들어오면
카페 아티제 바로 맞은편,
이탈리안 레스토랑 ‘피오레’ 옆에 있어요.
영업시간 / 주차
[ 영업시간 ]
오픈 11:00 마감 21:30
라스트오더 20:30
브레이크 타임 14:30 - 17:00
[ 주차 ]
‘중소기업중앙회’ 건물 주차장
45분 무료 주차 가능
2013년부터 10년 연속
블루리본 서베이에 선정될 뿐만 아니라
현대카드 고메위크 최대 5년동안 선정된
서울 여의도 장어덮밥 맛집 타마 스시
블루리본 선정 맛집은 일단 믿음이 가서
남편이 검색해서 찾아냈을 때
바로 여기 가보자, 싶었답니다.
우리가 도착했을 땐 오후 3시반? 4시?
오후 5시까지 브레이크 타임이라
시간적 여유가 있어서
맞은편 카페 아티제에 있다가
4시 반쯤 대기하려고 식당 앞으로 갔어요.
그랬더니 벌써 앞에 대기 손님들이 꽤 있더라구요!
이럴 줄 알았으면 좀 일찍 나올걸..
그래도 다행히 4-5번째 순서로
첫 타임에 들어갈 수 있었어요!
우리 자리는 오픈형 키친 바로 옆
주말이었고, 대기 손님들이 많은 걸 대비해
프라이팬에 이미 조리된 장어가 가득하더라구요!
브레이크 타임에 다 준비해 놓으신 거 같아요.
여의도 맛집 메뉴 구성은
장어덮밥 단일 메뉴로
우리는 정식 2인, 에비스 생맥주 2잔
이렇게 주문했어요.
장어덮밥정식 58,000원
에비스 생맥주 15,000원
서울 장어덮밥 정식 코스에는
계란찜을 한 사람당 하나씩 내주시는데
새우랑 치즈가 토핑으로 올라간
정말 매끈한 일식 계란찜 스타일
그 외 싸먹을 수 있는 명란김, 감태김
그리고 생와사비가 나오고
함께 곁들여 먹기 좋은 기본찬으로
양파절임, 초생강, 산고추절임, 락교도 나와요.
확실히 장어덮밥만 계속 먹다보면
살짝 물리거나 질릴 수 있는데
절임류가 있어 좀 더 깔끔하더라구요~
그리고 내 입을 가장 산뜻하게 만들어 주는
에비스 생맥주 :)
차곡차곡 테이블엔 손님들로 채워가고
우리는 오매불망 여의도 맛집 메인 메뉴인
장어덮밥 기다리는 중
드디어 장어덮밥 도시락 배달
뚜껑을 덮은 상태로 놓아주시는데
뚜껑 열어 비쥬얼 보곤 심장이 둑흔둑흔
카페에서 커피도 괜히 마셨나?
후회 되더라구요 흑흑 ㅜㅜ
여의도 맛집 서울 블루리본 장어덮밥 타마 스시 ps 포장
재생
10
좋아요
0
00:11

여의도 맛집 서울 블루리본 장어덮밥 타마 스시 ps 포장
영상에서 느껴지는 지글지글 불향
도시락엔 장어가 3조각 정도?
도시락 크기가 꽤 큰 편인데
아래 밥이 보이지 않을 정도로 가득 채워주세요.
그리고 함께 제공되는 미소된장국
간단하게 팽이버섯과 대파만 들어가고
전체적으로 간이 슴슴하여
짭쪼름한 장어덮밥과 어울렸어요.
저는 주로 감태김에 밥 한 숟갈
생와사비 조금, 양파절임 얹어 싸먹었는데
감태김 특유의 달콤한 맛이 은은하게 올라오면서
바다향 가득 머금은 고소함이
또 너무 잘 어울렸어요.
다만? 명란김이나 감태김에 싸먹지 않고
그냥 장어덮밥만 먹었을 때
장어 비린내가 슬금슬금 올라오더라구요.
제가 그런 비린맛을 잘 못 느끼는 편인데
남편은 물론, 저도 느껴지는 비릿함에
솔직히 여의도 맛집 조금 실망하긴 했어요.
왜냐, 장어덮밥 정식 1인당 58,000원이면
결코 저렴한 편이 아니기에.
하지만 코스로 계란찜, 새우튀김,
녹차아이스크림 후식이 함께 나오고
도시락 크기, 장어덮밥 양을 감안하면
또 가격이 비싼건 아닌 것 같아요.
양이 얼마나 많았으면
배가 너무너무너무 터질 것 같아서
한끼 정도 먹을 수 있는 양은
포장해서 다음날 전자레인지에 데워 먹었답니다.
(다음날 데워 먹었더니 비릿함이 없었음)
식사 시간은 50분 정도?
맥주도 한 잔 해서 그런지 배가 더 불렀던 것 같아요.
다 먹고 나왔더니 아직도 대기 손님들이!
배가 부르다 못해 터지기 일보 직전이라
여의도 공원에서 산책했는데
데이트코스로 괜찮은 것 같아요.
남편이랑 매번 익숙하고 편한 곳만 가다보니
또 여의도는 오랜만이라
공원 산책만 하는데도 좋더라구요.
하지만 현실은 위장까지 다 내려놓고
잠깐 쉬고 싶은 상태.
저 헬륨가스기구 타고 집까지 가고 싶은
그런 상태...ㅋㅋㅋㅋ
다음엔 또 다른 맛집을 찾아서 뿅
50m
© NAVER Corp.
타마
서울특별시 영등포구 은행로 30 1층","https://postfiles.pstatic.net/MjAyNDExMjBfMjY0/MDAxNzMyMDU2NjU1NzUz.6xP_aPNoY2IRCXRpnxweTDt-RNnYsL2sl9ZBR_GIHdwg.ZYvmqMp3VGZz-wx7SITeIUw9CQTBj8rcr8gf5L57blIg.JPEG/SE-7221933E-6450-4C01-A917-B9A6B447A3EC.jpg?type=w966, https://postfiles.pstatic.net/MjAyNDExMjBfMjI3/MDAxNzMyMDU2NjU2OTM2.ryPpNsVhREkjCAQit3gAL1B4i_Fri2pFa3JQAxeaoBgg.O-T9o6_fRcVZz_Bx--EhR8WBrmAA9jeVowdgwnkExJ4g.JPEG/SE-3CB80BDC-4D4E-4062-A446-717D312F2970.jpg?type=w80_blur, https://postfiles.pstatic.net/MjAyNDExMjBfOTMg/MDAxNzMyMDU2NjU4MTAx.pa7UL-FVLdJCKHH1CbTavUuziUs01_F5LPV8L6kJFigg.g8gAfxG-GbRoBOfvWYhoqZLgBAYrWkWpLjhaLhVN1JMg.JPEG/SE-FB1CF989-B8E1-4749-85B9-5E6B1CDA04F8.jpg?type=w80_blur, https://postfiles.pstatic.net/MjAyNDExMjBfMTc4/MDAxNzMyMDU2NjU5MjU1.3GePsXLZdhDiFzZPTvknmwPqUXr5KpkDmelDq6yqQbYg.Bn4XukRromzTjPHaOFdxiNRoKmy-YCxo0PTVz88L9-0g.JPEG/SE-931AE890-055B-45DB-BCE7-CA2909AD6721.jpg?type=w80_blur, https://postfiles.pstatic.net/MjAyNDExMjBfMjUz/MDAxNzMyMDU2NjYwMzEx.ccld1RUdWdntsIbF8QNOAcTyD3yKSzT2HyhxKRc8PFcg.n37MM--TdqhK6X-HdaLa2_ljzmzyX7c72DuQot0RFG8g.JPEG/SE-BDD06591-DF5D-4EAA-9EE9-817144BE9A45.jpg?type=w80_blur, https://postfiles.pstatic.net/MjAyNDExMjBfMjA3/MDAxNzMyMDU2NjYxNDYx.rvB-bCsl_v4o5jVPoDYUD5DK8QuhKMrVjqqlo0KAxCgg.061iyJy19d7geoZ_WH2oibp7fwH3Wslgv75ie3CqaTEg.JPEG/SE-A782377C-8E39-486D-BA78-505869314038.jpg?type=w80_blur, https://postfiles.pstatic.net/MjAyNDExMjBfMTQ1/MDAxNzMyMDU2NjYyNjA1.fU5zX-RTW2zrIClDCno0JhIPgyJ-8RAxQMTHOh5KpBkg.XZbZtUXiS7PzLhr2gCd2Uw-b_a9KC2sHwUDc36ETGPgg.JPEG/SE-3F9A8C30-7F89-4378-8524-B9CCCA301522.jpg?type=w80_blur, https://postfiles.pstatic.net/MjAyNDExMjBfMjgz/MDAxNzMyMDU2NjYzOTc1.WLd1aCX0wRvjcdxfsbgzdHdoxFpTi0ZkFLZC5ppwGb8g.7bhwQhEWXZj1xcM1g4rQSxbJcc1DnCD4Bz3VrJOfbZEg.JPEG/SE-B3FD070C-82D4-422E-9983-E08778130022.jpg?type=w80_blur, https://postfiles.pstatic.net/MjAyNDExMjBfMTgg/MDAxNzMyMDU2NjY1Mzgy.oy78szUO-aNU2V9vTnxYWTcgUTHCTf8YRlkr_uEZhPkg.pU2iIZhlh0iUOdJGRyH-_k6P10V7s02tXG01Y3y7KOQg.JPEG/SE-99052DFB-1C37-4F36-94D1-690535C38703.jpg?type=w80_blur, https://postfiles.pstatic.net/MjAyNDExMjBfMjQz/MDAxNzMyMDU2NjY2MzU2.37qsRdOD5bNaKjHiNy52jXfM6VikL_ADHVk9vjBr7okg.9bqLy9eaF9GTAxbfvnc6DZIHJfmqZzkRZzYjYRW-k_cg.JPEG/SE-B4F218D2-108F-4D9C-A050-9F3AEE6E1C71.jpg?type=w80_blur, https://postfiles.pstatic.net/MjAyNDExMjBfMjk2/MDAxNzMyMDU2NjY3NTIy.JZWVRbpw4_6SEYMNbeyj0WG7oGamj7xy0HXae_B6O4Yg.hCUa_GJVaOQDZfFF8-cGB7VWdda_iw-k5VjBJIraGGIg.JPEG/SE-58E3E2C6-2AA7-4E0B-9615-CD807EA5869A.jpg?type=w80_blur, https://postfiles.pstatic.net/MjAyNDExMjBfMjY0/MDAxNzMyMDU2NjY5MTIz.ujfq_BK0v02Hhlnp8ZGlRGVCEh_VKJjvgHbLKIdOjysg.L-2J74JS4cryG_Xevdq-w5d1RaEuwR4BheWIFt_Ar50g.JPEG/SE-914E44E9-15D8-4024-BC39-00C003E5BA17.jpg?type=w80_blur, https://postfiles.pstatic.net/MjAyNDExMjBfMTg1/MDAxNzMyMDU2NjcwMzEw.rg7V27qsh8UK_tgww8Peo26Q5coGG-mdz7qdF7Y5LyMg.EAqurGr4pvaoIXncHU_C1WcDbA7VDq4Mw2bk4osC9Zsg.JPEG/SE-5D2C31EB-2012-46B8-87F8-670AD1448F67.jpg?type=w80_blur, https://postfiles.pstatic.net/MjAyNDExMjBfMjQw/MDAxNzMyMDU2NjcxNDUx.A0muzZ01Xtclryq89h2Ne7awnHCHM7aa2ai6CkllTN8g.vqZG9lrq4BEcQl3OUk-AejET6zIrZraaepEGYjic2Ugg.JPEG/SE-C4D47CA7-93E0-43C0-851D-F37B075583CE.jpg?type=w80_blur, https://postfiles.pstatic.net/MjAyNDExMjBfMTU4/MDAxNzMyMDU2NjcyNDUz.N9ntjKvQzcN-KuxGhRFS1ibr7cxeOQmtgduoho6xrcog.M-XTRCk1RFhHm8iu0iJ6GlZyqiJOZLrmKc5O6En4ZsAg.JPEG/SE-7D86B24D-64ED-4EDF-A4C8-441082E4C700.jpg?type=w80_blur, https://postfiles.pstatic.net/MjAyNDExMjBfMTQ1/MDAxNzMyMDU2NjczNTM5.yVav71Ai7qyu2Ku_WmKeq23xafP3FPHRUlGruTk1Ymcg.orxhNmPXdiluwdH9OPdf6xzmXsCcqrTo7XGEFqnnzjIg.JPEG/SE-F93FCE70-A588-4281-9354-13D7F7687AFA.jpg?type=w80_blur, https://postfiles.pstatic.net/MjAyNDExMjBfMjcy/MDAxNzMyMDU2Njc0NjY3.bsOmI2n83chbsiTSwsgn1sQGi03wdH6Z6iXbFQeGSyog.3B8FWExJVdP1ApLhjywPMlvBA5Pr_oApv1bS6z1pARAg.JPEG/SE-7483D9DE-65B3-4D9C-A56F-10121806E949.jpg?type=w80_blur, https://postfiles.pstatic.net/MjAyNDExMjBfMjYw/MDAxNzMyMDU2NjU0NjI5.PhaufIvXS6jFcQvtBBzJx30GARg7gGPxCvjrWCXH6k8g.xv_TUZnEMhmPZyva6Xv2e6qAgUq_IUCIMUnveZVBxsEg.JPEG/SE-53C2A080-57F6-4E17-9D79-AD193DF4B29B.jpg?type=w80_blur, https://postfiles.pstatic.net/MjAyNDExMjBfNTgg/MDAxNzMyMDU2Njc1NzAw.BiG_fbNuBp-uNJh16jVZDr2Gfv9y-97WFGSrYgP80iMg.glNOM0LNhuSsWmyHDfKfBM2S_nfvi-uLedwzQmXmkaQg.JPEG/SE-1473ABCE-18FC-4F52-AF23-63FF045FB316.jpg?type=w80_blur, https://postfiles.pstatic.net/MjAyNDExMjBfODMg/MDAxNzMyMDU2Njc2Nzk0.1VhHZynk_PacVlsDODC2vLnVr2ckF5Ml2itqzqwmqCYg.-UoOXFExqKLwUEn2-BGWUSJdi9fVrs9F-FOPLp6xMQsg.JPEG/SE-C3D6D87D-3675-46BF-9E13-A8266408C164.jpg?type=w80_blur, https://postfiles.pstatic.net/MjAyNDExMjBfMjQg/MDAxNzMyMDU2Njc3ODEw.DcQlGi4X4px1C0uEJdKTq9_uNLSs2P8OquztY4NppLIg.wka8ofMxUaRFN0IbD8XWYLCcsKZGnBtKuZrtnwv8VO4g.JPEG/SE-ADED76AA-CCD7-4680-BED9-A8165CB4389A.jpg?type=w80_blur, https://postfiles.pstatic.net/MjAyNDExMjBfMTk1/MDAxNzMyMDU2Njc5MjYz.QVbF0Corizbb1yzvXdRn7437fX1creE1MFcK5L4wb6Eg.k48QBLht6rmMkCAib87sgo5HTLkLZaQRungL7RLBAIgg.JPEG/SE-C4482627-F32E-4D87-B867-5CC38F2E469C.jpg?type=w80_blur, https://postfiles.pstatic.net/MjAyNDExMjBfMTA1/MDAxNzMyMDU2NjgwNTY0.2yzurpe7_DvYN1_rVkISjGUW8D8yjog7y55s3xv2ivcg.NZZoaUMDj2S-9j-GG0YS62is4kPtgsH6SlihRF8jfIkg.JPEG/SE-292CF0A2-57D2-4E22-A53A-60B90902AB7B.jpg?type=w80_blur, https://postfiles.pstatic.net/MjAyNDExMjBfNyAg/MDAxNzMyMDU2NjgxNTYx.ho7q5CKHCOM1JhZF9vIErFndAbFlC8FiN7yaV7o7w6cg.RTK0zuzoBtomAnkxw2TQSVS6mFN4cCWdqCChTDMGSP4g.JPEG/SE-AB812CAE-753D-4283-BEB7-0930DEA65C40.jpg?type=w80_blur",,
https://blog.naver.com/art2000umin,성수 건대 카페 추천 유럽 미술관에 온 것 같았던 카페 브루크,"성수동 의류샵에 볼일이 있어 갔다가 들렀던 예쁜 카페 브루크
티라미수와 콜드브루 커피 전문의 아담한 카페다
들어가자마자 중세 유럽을 연상케 하는 엔틱한 인테리어가 눈을 사로 잡았는데 입장료를 따로 내야 할 것만 같은 작은 미술관? 박물관 같은 느낌이 드는 특별한 카페였다
반가운 LP 플레이어도 있었는데 (옛날말로 전축)
보는 순간 갑자기 마음이 몽글몽글해 지고ㅠㅠ
이런 추억 돋는 소품 하나에도 눈물이 나는 나이가 되었나보다
웃어야할지 울어야할지 ㅋㅋㅋㅋ
카페 구석구석 사장님의 센스가 묻어나 있었는데
유럽에서 살다 오셨나 보다 내멋대로 추측해 보기
단출한 메뉴에서 이미 맛있음이 보인다
모든 커피의 베이스는 콜드브루~~~~👍👍👍
찐 커피 매니아인 소피아는 이미 기대만땅 ㅋ
와우!!!
잘게 부숴진 피스타치오가 올라가 있는 ㅁㅊ 비주얼의 티라미수
시그니처인 브루크
브루돌체
모두 넘 맛있었다는 ㅎㅎ
그제서야 눈에 들어왔던 천장
갑자기 파리 오페라 가르니에가 생각나면서 다시 몽글몽글해 지고...ㅋㅋㅋㅋ
벌써 일년이 되었다니 ㅠㅠ 또 가고싶다 파리
카페에서 나오기 전 화장실에 들어 갔는데
여기가 화장실인지 뮤지엄인지...
화장실 안갔으면 큰일 날 뻔했다 ㅋㅋㅋㅋ
일어나실때 머리조심 👍👍👍
꼭 다시 재방문 하고 싶은 커피와 티라미수 찐맛집 브루크
성수동 예쁜 카페 찾으신다면 추천드려요~
작년 런던 파리 여행 추억해 보기
https://m.blog.naver.com/art2000umin/223265484179
파리여행/오페라 가르니에 파리의 상징 에펠탑
죽기전에 꼭 가봐야 하는 세계 유적지중 하나인 파리 오페라 국립극장 오페라 가르니에로 출발~ 만능 대중...
m.blog.naver.com
https://m.blog.naver.com/art2000umin/223258195801
요크 여행/기차 타고 드디어 작은딸이 있는 요크로~
작은딸이 교환 학생으로 가있는 요크로 가기 위해 우버를 타고 킹스 크로스 기차역으로 갔다 기차역이 워낙...
m.blog.naver.com
#성수동핫플 #성수동꼭가봐야할카페
#건대입구역카페 #성수예쁜카페 #티라미수맛집
#콜드브루전문카페 #유럽풍카페 #커피가맛있는카페","https://postfiles.pstatic.net/MjAyNDEwMjRfMjY3/MDAxNzI5NzYyMzE3ODU2.8kCIgST7TXdzYhvp0F38AK1hKHq5zVhlx1tkcv6dwiIg.7HSYVHGmMlltFkTBJM5IRwm5JmHhRvll24DX5vmgicgg.JPEG/20241024%EF%BC%BF150501.jpg?type=w773, https://postfiles.pstatic.net/MjAyNDEwMjRfMTQ5/MDAxNzI5NzgxMzc3MzU1.BByMFR7jjFgJnpbha6Bxc-WiJtbvAYDXCrtYfvhzA38g.oyGWDyuX4YuAuasfmxmA8eTg0ZYTRKkC8Ur_BV8ws6wg.JPEG/20241024%EF%BC%BF135214.jpg?type=w80_blur, https://postfiles.pstatic.net/MjAyNDEwMjRfMTgg/MDAxNzI5NzYyMzE2MjE0.EFXIF7zyESWWTA3HlSi0gIvBbD00wFfGkZfGPFxh24cg.RDqKDmnaQIaG5sPdpzvcmF7Zn45fgQrhAmjedKom4HIg.JPEG/20241024%EF%BC%BF135220.jpg?type=w80_blur, https://postfiles.pstatic.net/MjAyNDEwMjRfMzYg/MDAxNzI5NzcxMDU2MTI5.2NZ5Ci8okzdA0TQNSU5ok5uXU3I_VV0jQK5ZbufWCFMg.0h1bbU3tmADjSAGvHGLzD2drJt7XI0deJW3q_mDmHdMg.JPEG/1729762353075.jpg?type=w80_blur, https://postfiles.pstatic.net/MjAyNDEwMjRfNjgg/MDAxNzI5NzYyMzIyMjQw.h-lu0ikqxPoDgspsstyQihjcFVIAHlYxqWADOqs6EJUg.aDmvYML4ot_Yv_i8Z6oxos6sSmvtQ--yxn_HFewkVwsg.JPEG/20241024%EF%BC%BF140051.jpg?type=w80_blur, https://postfiles.pstatic.net/MjAyNDEwMjRfMTk5/MDAxNzI5NzYyMzE0ODU2.NhNCWIwNwAyGF__0gSB4Vj558NmQh3Y3SmmxM2Nd56cg.O4sHYfNoZKlzLcxQik4qkre4s5N4NcsS3AxUPRs7_8Ig.JPEG/20241024%EF%BC%BF135226.jpg?type=w80_blur, https://postfiles.pstatic.net/MjAyNDEwMjRfMjQ0/MDAxNzI5NzcxMTIyNzAw.Osf-Imevkd2h5Zru7Q0dCKNRigzRD-GIQwFH6cLTVj0g.acqlpBNJteIwAWrQ576rHHjn-jL__mIEFl6fr7WQrRAg.JPEG/1729771122205.jpg?type=w80_blur, https://postfiles.pstatic.net/MjAyNDEwMjRfMjA4/MDAxNzI5NzYyMzIzNDkz.Qkv56FtqVDFC3JIBpd1OAa-qexohy-ZCYNuLms9RvWwg.QQ30oxITiViY6Q2N4YnlOPqmkfy2GM3gIna8gwEWde8g.JPEG/20241024%EF%BC%BF135245.jpg?type=w80_blur, https://postfiles.pstatic.net/MjAyNDEwMjRfMTcg/MDAxNzI5NzY5NzIwNzc1.y1JjAwkMU0wob_XDiJwj-bD8eSXlZghtY5qazNc1O1gg.T6QlWcPWFWRxuSdNJ5buHHhKlart26HEMkb8zav8Cs8g.JPEG/1729762353216.jpg?type=w80_blur, https://postfiles.pstatic.net/MjAyNDEwMjRfNDgg/MDAxNzI5NzY5NzQ2NjY5.cKl6srtYpCL32W1tLE_qhnGkVxk6hiarZEKWXVF-O_Ig.86bRTto4SpOyZgtdWGIvOGHNlSoTOuv_ShzxuWStOdcg.JPEG/1729762352212.jpg?type=w80_blur, https://postfiles.pstatic.net/MjAyNDEwMjRfMjYx/MDAxNzI5NzYyMzI0MzM1.j5-Aqh7IsK9opf5gtJXHJma54thbECTwKWQhVPtxFl8g.Z-PW5SJbAm9ymqLE_ur_QEbGkdL1dBtufaB60bO-6S4g.JPEG/20241024%EF%BC%BF140100.jpg?type=w80_blur, https://postfiles.pstatic.net/MjAyNDEwMjRfMTE4/MDAxNzI5NzYyMzE2MTg4.cjlW0M7LH6fuhV2dHRx43em20GIOZovB7L7VJkfAbtIg.ybfqH0YvyIjTlJVfWocuHlOHy20-0YQBaPFIykUp2H0g.JPEG/20241024%EF%BC%BF150343.jpg?type=w80_blur, https://postfiles.pstatic.net/MjAyNDEwMjRfMjg0/MDAxNzI5NzYyMzIxMDU5.1IG0mnDk52sY7L3wT8ApZrTTtx6zHhSjZLv1y9UNFpgg.LTxmRzvxnRwOiGPpm9_ZJdwX7LT3xyG7q8s1CjkMNqEg.JPEG/Screenshot%EF%BC%BF20241024%EF%BC%BF175458%EF%BC%BFGallery.jpg?type=w80_blur, https://postfiles.pstatic.net/MjAyNDEwMjRfMjIy/MDAxNzI5Nzc1NDE0MDEw.hbnacs4oy1qv1McQOfOa9lq8tWyTSAHaPTx73p3OoZkg.WRTqncdRiLoZQsOwMhywvbok-YOoXmIUtQbfxmGjWlMg.JPEG/Screenshot%EF%BC%BF20241024%EF%BC%BF175508%EF%BC%BFGallery.jpg?type=w80_blur, https://postfiles.pstatic.net/MjAyNDEwMjRfMTgy/MDAxNzI5NzYzMDA0MzE3.O09LqchW0BRFMZFfT3JU-nvEgqlT19SQul7sOaaTowcg.KN6S4KvRRaqdDQ43JD4e4yCvaHllN1yn2ZalguvgDfkg.JPEG/1729763003500.jpg?type=w80_blur, https://postfiles.pstatic.net/MjAyNDEwMjRfNTEg/MDAxNzI5NzYyMzE4ODk0.-FVYTlCu2ujesli0P_H76awQ6Eiv5XgYUzapurFuK6Ig.QNRKybG9f3eRnF0s8PSvys1-FT0Em6roPdr5UP9aagwg.JPEG/20241024%EF%BC%BF135941.jpg?type=w80_blur, https://postfiles.pstatic.net/MjAyNDEwMjRfMjQw/MDAxNzI5NzYyMzI0NDky.GNK6qVUZREiGI54u444pzKfDOwuOpp01FKDkIF09Nzog.xcc9nIw9dxRfYu7nTL5kDVGJTrXHSoNhbYS2lE1SiFwg.JPEG/20241024%EF%BC%BF135951.jpg?type=w80_blur, https://postfiles.pstatic.net/MjAyNDEwMjRfMjA2/MDAxNzI5NzYyMzE3MTQ2.ch1pgxXZnBY14_8OYhjwJrKK318Y6TJnZgp0dz43sEMg.3yO257zZZva6Q25ffjVJpd3RooAQIaFuOqR56n9Npp8g.JPEG/20241024%EF%BC%BF135946.jpg?type=w80_blur, https://postfiles.pstatic.net/MjAyNDEwMjRfODUg/MDAxNzI5NzYyMzE5NDM3.Mwt6R96WkgK6i2Q4aH4Ox2IpXp66xw8KYV7SEkrhqzAg.slBdT1R4pOHVE_UxsXOUYuCv90pW9a2Dk6qu8y1hE5Mg.JPEG/20241024%EF%BC%BF141409.jpg?type=w80_blur, https://postfiles.pstatic.net/MjAyNDEwMjRfMTk5/MDAxNzI5NzYyMzE2MTQz.QvFCnYQVhBod_nULymEKKkPzwHXJUXKO4yKN34_uAFwg.T46L1w1sGsKb5DvXCtr36qCVNWQeoQAyUkxzb9kmClkg.JPEG/20241024%EF%BC%BF142244.jpg?type=w80_blur, https://postfiles.pstatic.net/MjAyNDEwMjRfMTE2/MDAxNzI5NzYyMzE5ODIz.RhLN2L7BXXg0VUBtXqzcciJ8LopvfDvcSaedkxaughUg.TQeAUV0Vw6t_8a6Ln6PzycY6NJ1kQW7ZpQ86qxYRH4Ug.JPEG/20241024%EF%BC%BF142334.jpg?type=w80_blur, https://postfiles.pstatic.net/MjAyNDEwMjRfMTg5/MDAxNzI5NzYyMzIxMTY1.lOp8ztePg-TPU0B5MOCFuqXooyIDCSXQK2PK4CwkNl0g.B3hXzyx5OZU_6D_qhfE5tmLsiERNUVyitOTgjuN2yOEg.JPEG/20241024%EF%BC%BF142241.jpg?type=w80_blur, https://postfiles.pstatic.net/MjAyNDEwMjRfMTgg/MDAxNzI5NzcxMjEwNjc5.52n5v0b3eeWldkHt1-zwivA10mO6TdlwMy3r4lIsFv0g.fK1_B-g8VNqMa3rOXr3sazG8mreKObCEH3X_o8fKz_4g.JPEG/1729771210245.jpg?type=w80_blur, https://postfiles.pstatic.net/MjAyNDEwMjNfMjI1/MDAxNzI5NjgxNjQ3OTE2.oRDlfPhvNDouV55ilLbj1bZUcBLgerPCEUNh4uI-Umsg.0PBUQd_fwCyBpWmIKlitObFTNTT4fOYtdviZMVUJ7pQg.JPEG/20241022%EF%BC%BF133058.jpg?type=w80_blur, https://postfiles.pstatic.net/MjAyNDEwMjNfMTQ0/MDAxNzI5NjgxNjQ5ODAz.Av3_gUwBrtEDnLswl1f-iZ2I0CUUF3_jFnb-HRKtwZYg.QH3s7KEpSGldZu1_i5NrOI5VSyBUpxBR5-Qm23xMuq0g.JPEG/20241022%EF%BC%BF123356.jpg?type=w80_blur, https://postfiles.pstatic.net/MjAyNDEwMjNfMTgy/MDAxNzI5NjgxODg0MjY5.6-32QOK3ozaq11CDyg9Ok3kR8rXCW7TJGljtn-r4FF4g.V_SM0ljuK6UgjyGb2is28iiHGn4JPu8VCrQRw3JfRmcg.JPEG/1729681883586.jpg?type=w80_blur, https://postfiles.pstatic.net/MjAyNDEwMjNfMjQy/MDAxNzI5NjgxNjUwNDY3.vcGBwwX59-U2Rxabyd0xiY0bD4wObutc3o4_oL587gkg.wlunWHAlKmb7DcfwKFj7dw5Xb4hJFGZNE2Gp87nMjUsg.JPEG/20241022%EF%BC%BF125102.jpg?type=w80_blur, https://postfiles.pstatic.net/MjAyNDEwMjNfMjQ0/MDAxNzI5NjgxNjQ4OTM0.KU9kFhCwsvucR1vqNM4MiBYg8AmwW5RhLIi2C4SWzDYg.OoLQTgop797kTq4fL2FWSDWbWi860ivwMfabjK5C6ekg.JPEG/20241023%EF%BC%BF095533.jpg?type=w80_blur, https://postfiles.pstatic.net/MjAyNDEwMjNfMTQ3/MDAxNzI5NjgxNjQ4NDUw.YRFy83ss-PfiToPq5_IEYFxrocop163nbOxtZ1l6Ygog.eVcK7pJPxCOXcSeer16lOexc3d4A6WazLxybfhuNBrwg.JPEG/20241023%EF%BC%BF095522.jpg?type=w80_blur, https://postfiles.pstatic.net/MjAyNDEwMjNfMjAw/MDAxNzI5NjgxNjUwNzE2.ANF7myi_ka4GY__7Ik_myunZXV8x22c__TRI9grZioIg.pvTrQQ-JjMaJQhYEmo550ZfkBu617w-24lzSzyGyIesg.JPEG/20241022%EF%BC%BF200311.jpg?type=w80_blur, https://postfiles.pstatic.net/MjAyNDEwMjNfMjYw/MDAxNzI5NjgxNjUxNTI5.Yd8vAo2icMqNl4q64yEjSxK3gPxAWJ0toMPnCP0KMbQg.goLwyvZCwYZr-P0rxNhMsLmSOzf1ZHSLFX-I8yQGULwg.JPEG/20241023%EF%BC%BF095513.jpg?type=w80_blur, https://postfiles.pstatic.net/MjAyNDEwMjNfMjAw/MDAxNzI5NjgxNjQ5MzQ1.OO5D-ZJbyY_-xwPxgbKeJLa_irPfKypPxTpJ1csrPeYg._xp6Ku6uJfTA122lTmwG6V0eJI_rMKxtzq71__S_C4wg.JPEG/20241023%EF%BC%BF095505.jpg?type=w80_blur, https://postfiles.pstatic.net/MjAyNDEwMjNfMjE4/MDAxNzI5NjgxNzA0NTgy.Dh7FRDeX5O-27TMZVun3whPNao8ltMBwRRd_J55QxBog.XV98GGNBZ2iyhU6QT84lrS4zb8TGwTW2mqy1-WgpxZcg.JPEG/1729681703758.jpg?type=w80_blur, https://postfiles.pstatic.net/MjAyNDEwMjNfMjUx/MDAxNzI5NjgxNjUzMjQx.DEUQfkN2Jg5yZuyy4c_WB3if7DmJ4RunGr17sFtJwT8g.4DYffjqrcVfojX8bsctQ15_Y8bmKrtpHwNcSQsd3ypAg.JPEG/20241023%EF%BC%BF100632.jpg?type=w80_blur, https://postfiles.pstatic.net/MjAyNDEwMjNfMjE1/MDAxNzI5NjY5NjY5MjY4.Kdp6fNymffZcX0QXE834kloqlAGMwD9Mknv6_lKmAAwg.AFjOWMY3PL0bXeubxKHWkF3ASQujED_cjtqw1P-ldLMg.JPEG/20241023%EF%BC%BF133852.jpg?type=w80_blur, https://postfiles.pstatic.net/MjAyNDEwMjNfMjY3/MDAxNzI5NjY5NjcyMzA1.q0V7_4o6wsRcWtpjWlaZ4twvLswYM19fXoRwy1KLOn4g.PRrzKU_VzEn_BSZTBzwLNwtuup7QkBYfv_lSX4tM-GUg.JPEG/20241023%EF%BC%BF133904.jpg?type=w80_blur, https://postfiles.pstatic.net/MjAyNDEwMjNfMjIy/MDAxNzI5NjY5OTAyMzc2._hIRyeETzNZ-tJpTbeDQCpmcMCU9YJ4ZA9XpPxos-5og.KPtUX4PefsRL7PpUOHjk1OB_-T7O6dPqm3_3X96bGJ8g.JPEG/1729669901889.jpg?type=w80_blur, https://postfiles.pstatic.net/MjAyNDEwMjNfNjcg/MDAxNzI5NjY5NjczNTk1.UHUwn9YJN8B3IiABdIshY78PsIJnfzGgnUb3lBObJLIg.JNJ_PSaJwazuL7glUZuf30_J3muPmDyGFX9xInZNzbEg.JPEG/20241023%EF%BC%BF115701.jpg?type=w80_blur, https://postfiles.pstatic.net/MjAyNDEwMjNfMTM3/MDAxNzI5NjY5Njc1MzU2.EzprV1fB5e8AP9pY2uUMkIOmelUq2xZdn4M9K5nOU4sg.E6SOK_pLlivO6R5heSBGW19dag0OKuwXLGgeUJNbkxAg.JPEG/20241023%EF%BC%BF115710.jpg?type=w80_blur, https://postfiles.pstatic.net/MjAyNDEwMjNfMjA3/MDAxNzI5NjY5NjczNDc4.EAUnlXc2-mHIKNp7keilqstjRIavzas1U9VbKfOLZOEg.p0BvSB5PFoqERAU8mR8BKeNomWmS9n0cOJvirx0Nl9Yg.JPEG/20241023%EF%BC%BF115639.jpg?type=w80_blur, https://postfiles.pstatic.net/MjAyNDEwMjNfMTAy/MDAxNzI5NjY5NjcxNTY5.P2KLZxki9NzXqdhr5rfb8Px50wSFfylSLDEpMSPlmjUg.HrwTmkd7gpOM26zQFTZpN0pbmB2nMt0RSwV8AxcfZLkg.JPEG/20241023%EF%BC%BF115614.jpg?type=w80_blur, https://postfiles.pstatic.net/MjAyNDEwMjNfMTk0/MDAxNzI5NjY5NjcyNDgy.2qInllAflXiruI5thVG_iQMWNdjZiobIfz_qSi8vgo4g.uuu7_SdPTZO4ai7RqpwRMc0nfHYcJFXiA7dTHDwWe10g.JPEG/20241023%EF%BC%BF115855.jpg?type=w80_blur, https://postfiles.pstatic.net/MjAyNDEwMjNfMjcz/MDAxNzI5NjY5NjY5ODQ0.Y4G2cY0nQGrc5zTc5yUPTBBHkOPDfezGwiGJ6SCTd5wg.0qxV83MykQg9LPypMHcyYSsMua_uwdGSzLz9OiUBiqwg.JPEG/20241023%EF%BC%BF120302.jpg?type=w80_blur, https://postfiles.pstatic.net/MjAyNDEwMjNfMTE3/MDAxNzI5NjY5NjcwMDkx.P--xdyd3DZsxkj8GOXTn0QXdSF7Tg6sOpxajItIFGmAg.Ie0-AxCfIpPrYrD-28z2ZMU3ixHWjv-KeQSFs3UWf8cg.JPEG/20241023%EF%BC%BF115916.jpg?type=w80_blur, https://postfiles.pstatic.net/MjAyNDEwMjNfMjM4/MDAxNzI5NjY5NjczMzUx.TDpiJnzBRaULAIHHePyEmudvsCI4kfjyfbBpjfHHw4Qg.Tkig6xVROvQgCUcXb4pp2QY8k2HSPnI_OBORwG04M6kg.JPEG/20241023%EF%BC%BF115910.jpg?type=w80_blur, https://postfiles.pstatic.net/MjAyNDEwMjNfMTYz/MDAxNzI5NjY5NzcyMTA1.1j1uvnbfpl2ONAqJ4uBcsXwiGLYVao0bnlHRMtl4VHkg.AG5nYsvKJW2yvQJuFQ9VGSPR1u31sX6dNq5iqIa5K34g.JPEG/1729669771383.jpg?type=w80_blur, https://postfiles.pstatic.net/MjAyNDEwMjNfMjIx/MDAxNzI5NjY5NjY5MTI0.NvWdbuO41rX7n_4Y_fIaWKg5kurBfC0d5TJwIx1BkxUg.U1ISO5q33dVHqPTc4jvnH83QHNkP_CG7Bh8Ww38iy5cg.JPEG/20241023%EF%BC%BF120709.jpg?type=w80_blur, https://postfiles.pstatic.net/MjAyNDEwMjNfNCAg/MDAxNzI5NjY5NjcwOTA3.oRwvWmja7TXAQEcybKxdXJSt3sJf8-YLiooWuwOZ3a8g.gHdrnLWIMqFkHU9dpRHRAurw0hLHAQkoZM_8EPbruNAg.JPEG/20241023%EF%BC%BF124327.jpg?type=w80_blur, https://postfiles.pstatic.net/MjAyNDEwMjNfMTgx/MDAxNzI5NjY5NjcxMDQx.XFSn7PFv1RnD2dCjA98IV-YwlC49v4tR05X6y6xNsMMg.w_tjd5RAzfSajnBgni_kiQ9LmcvgNKNhsvpDvtSKLT4g.JPEG/20241023%EF%BC%BF124339.jpg?type=w80_blur, https://postfiles.pstatic.net/MjAyNDEwMjNfMjcz/MDAxNzI5NjY5Njc0MTA1.Qsc-HBPRSel0EFx_rsqhrs02W6ia-nyBfLL5PdZYvZYg.TyF6vqrPq1tQcjxbRjobkQXE6dBUcw_lEd4GvqmzU1wg.JPEG/20241023%EF%BC%BF125004.jpg?type=w80_blur, https://postfiles.pstatic.net/MjAyNDEwMjNfMjAx/MDAxNzI5NjY5NjczNDMx.avuDdaMHdQ6aTLLPinOLR4dWLiQHRhlYB2r6nbFl268g.eWzO2VYKoenXhQKRtcjaIOF0Gr1-lsktJlLFQaiN26Ag.JPEG/20241023%EF%BC%BF125016.jpg?type=w80_blur, https://postfiles.pstatic.net/MjAyNDEwMjNfMTE4/MDAxNzI5NjY5NjY5MTM5.rlIUfS89EAz5DcUPJ9QPjgpKMoW5jHRXZ4PVzkIm4r0g.vbBe_d9GS_IjwugjzMGbhuHkz98aOq2Kcplwy7JOmZQg.JPEG/20241023%EF%BC%BF125051.jpg?type=w80_blur, https://postfiles.pstatic.net/MjAyNDEwMjNfMTA1/MDAxNzI5NjY5NjcyMDcz.pdsudk5fSBOUxNOv-5ig9JBjHkKZRNve0OsqwKuCNPsg.hduStnRzneICprIuVPVEOmtLOVpQLW5Uq6iamSFeMTEg.JPEG/1729667212516.jpg?type=w80_blur, https://postfiles.pstatic.net/MjAyNDEwMjNfMTAy/MDAxNzI5NjY5NjcwOTc3.70H5MgauGZpGLceiVTinJRzE-rfcipn9WXkVfE5r8skg.NhRnQWlh3QohSnOrtAAFb9oWdCeLznNxdHSnhZDE0Csg.JPEG/20241023%EF%BC%BF125224.jpg?type=w80_blur, https://postfiles.pstatic.net/MjAyNDEwMjNfMTA1/MDAxNzI5NjY5NjcwNDc4.d3LNa8YRZyFgJhwJqtkQnd9MtZDIrtlV2tJmAecrIn8g.JjjG5e9TztsBZ7ysFt0LUqu2g0ikC6JOuCw9tdTdfAQg.JPEG/20241023%EF%BC%BF132006.jpg?type=w80_blur, https://postfiles.pstatic.net/MjAyNDEwMjNfMTYz/MDAxNzI5NjY5Njc0ODk4.LDgROZk1KljNnVzP6Rxefb_6H8wnGYe_SC8Pcblx3LAg.wGpJDmOeFBVKXYV0hJdLwIamwC4fPPH2F61iizbt3p8g.JPEG/1729667216176.jpg?type=w80_blur, https://postfiles.pstatic.net/MjAyNDEwMjNfMjQ4/MDAxNzI5NjY5Njc0NDM3.q6kvC1WcsU1HlSytRRZPkJ-ko0Rjl0lCwK4raWI1ctUg.xYvfnVNVk5TnkRanPKfLuWImBUGaHoLyDSYg4tlrTkUg.JPEG/1729667221255.jpg?type=w80_blur, https://postfiles.pstatic.net/MjAyNDEwMjNfMTcy/MDAxNzI5NjY5NjcyMjI0.L-lZ6Hk2bRm5L6dqXdrTK1toI5XG-CJzsi9rfkAjeXcg.uGYCTvPEmkdwrTZ7hZr_5L7PFqRdBEesBgAZ0UmmmPMg.JPEG/20241023%EF%BC%BF133954.jpg?type=w80_blur, https://postfiles.pstatic.net/MjAyNDEwMjNfMjM2/MDAxNzI5NjY5Njc1OTA0.hzthioQ9mRpjPB7loVWwEGaCCQxLbF4mZQVmCE-SIP8g.nZvCyA6sDk3zrEvNuxNtP8p56q2InccfV_VjVBMfut0g.JPEG/20241023%EF%BC%BF115218.jpg?type=w80_blur, https://postfiles.pstatic.net/MjAyNDEwMjNfMjAz/MDAxNzI5NjY5Njc0ODU1.JAoEtwYbDBrj7puKeM-Yoeiy5YfkaVunxp3mpzhD0eAg.MkRo8QO_mhUsRavHXOQDgTp7SjIdDdDaF80tsFgfXDgg.JPEG/20241023%EF%BC%BF115233.jpg?type=w80_blur",,
https://blog.naver.com/tablestorystudio/222286293862,서울역 맛집 서울스퀘어점 제일제면소 메뉴 한가득,"글 편집 . 2인용 식탁
남편이랑 서울역 근처 볼일이 있어 갔다가
끝나고 나니 12시쯤?
어디 멀리 가진 못하겠고
서울역과 연결되어 있는 서울스퀘어에서
식사를 하려고 하니
하필이면 애매한 직장인 점심시간
다른 곳 가자니 다 비슷비슷할 것 같아서
그나마 가본 곳 중 맛이 검증된
서울역 맛집 제일제면소에 방문했어요.
서울역 맛집
제일제면소 서울스퀘어점
영업시간
평일 11:00 - 21:30
주말 11:00 - 20:30
위치는 서울스퀘어 건물 지하 1층
서울역 9번 출구와 연결되어 있어요.
건물 주차장이 따로 있긴 한데
전 늘 지하철로만 다녀서 이용해보진 못했네요.
평일 주간 입차시간 기준으로
서울스퀘어몰 이용 시 1시간 주차 할인 가능한가 봐요.
다만, 평일 및 주말, 공휴일
시간대에 따라서 할인 적용은 다름.
역시나 앞에 6팀 정도 대기 중이길래
우리도 이름 적어 놓고 일단 기다렸어요!
그리고 희동이 시켜서
다른 음식점 상황 좀 보고 오라고 했는데
다른 곳도 다 비슷비슷.
어디든 대기해야 되더라고요.
그래도 다행히 그리 오래 걸리진 않았어요.
후다닥 먹고 일어나야 하는 직장인들 덕분에 흑흑
테이블 회전율은 좋은 편.
아! 그리고 앞에 기다리던 2팀이 안 계셔서
더 빨리 들어갈 수 있었답니다!
뭐든 진득하게 하나만 파는 게 진리임.
가끔 서울역에 일이 있어서 오면
저도 혼밥 자주 하긴 하는데
제일제면소에도 혼밥하시는 분들 곳곳에 발견!
너무 바쁜 시간대 들어와
혼자 자리 차지하고 먹는다는 게 눈치 보여서
제일제면소는 아직 도전 못해봤는데
느긋할 때 간단한 우동 한 그릇 해봐야겠어요!
(배고플 땐 우동 한 그릇은 아쉬움 ㅠㅠ)
12시 반쯤 됐는데 은근 자리가 생기기 시작.
제일제면소 메뉴
우리도 자리 안내받고
일단 태블릿 메뉴판으로 주문부터 했어요.
인기메뉴
차림상 식사
든든한 곁들임
별미요리
음료/주류
전체메뉴
특히 마음에 들었던 건
2021년 다양한 주류와 함께 즐기는
별미요리 세트 20% 할인!
원래 메뉴랑 양은 그대로, 가격만 할인된 거라
인원수가 많으면 많을수록
다양하게 먹어볼 수 있어서 좋더라고요!
그리고 봄 신메뉴 3가지
봄새싹 육회 골동면
달래 쇠고기 칼국수
고기 듬뿍 봄나물 비빔면
이름만 들어도 봄봄 기운이 느껴지는
하지만 반육식주의 희동이 덕분에
신메뉴는 하나도 먹어보진 못했어요 흑흑
아(?) 혼자 갔을 때 먹어봐야겠다는.
그래서 우리가 주문한 메뉴는
제일우동
쭈꾸미삼겹살덮밥
반숙계란장밥
바삭감자전
씨앗닭강정
음료 사이다 1캔
사람 넷이 온 느낌으로다가 :)
단무지는 요청하면 주세요.
주문 후 10-15분 사이 메뉴 도착!
일단 제일제면소 온 가장 큰 이유 중 하나!
지난번에 맛보고 반한 바삭감자전 먹으러 ㅋㅋ
그땐 11시 반이었나?
거의 몰리기 직전에 주문해서
정말 맛있게 먹었는데
확실히 처음 그 감동 그대로는 아니더라고요.
그래도! 확실히 맛있음!
파스타면처럼 길고 얇게 채 썬 감자와 고구마를
바삭바삭 노릇노릇하게 구워서
그라나파다노 치즈 듬뿍 뿌리고
감자전 가운데 수란까지 톡톡 올린 메뉴
재료들이 전부 잘 어울려서
집에서 꼭 한 번 만들어 보려고요 :)
그 맛이 나올랑강 모르겠지만 ^^;
그리고 지난번에 먹었던 국수는 별로였는지
희동이가 오기 전부터 우동 노래를 부르길래
제일우동 한 그릇 주문
확실히 개인적으로 국수를 더 좋아하지만
국수보단 우동이 더 나은 것 같아요.
바삭감자전 단품 가격에서
8000원 정도만 더 내면
씨앗닭강정 大 사이즈로 먹을 수 있어
올 때마다 괜히 세뚜세뚜로 시키게 돼요.
맛도 좋고 양도 많고
남으면 포장해서 에어프라이어에 돌려먹음 굿.
매 끼니 밥은 꼭 먹어야 하는 스타일이라
간단하게 반숙계란장 밥 하나 주문하고
쭈꾸미삼겹살덮밥도 추가!
지난번에 먹었던 수제돈까스도 나쁘지 않았는데
우동이랑 함께 먹기에
살짝 매콤한 쭈꾸미 삼겹살덮밥도 괜찮았어요!
특별한 맛은 아니고요 ㅋㅋㅋ
늘 그렇듯 다른 건 싹싸 비우고
5개 정도 남은 씨앗닭강정은 포장했어요.
냉동실에 보관했다가
먹기 전에 에어프라이어에 돌려서 먹음 꿀맛!
막 나왔을 때 그 맛 그대로는 아니지만 ;
그래도 출출할 때 간식으로 먹기 좋더라고요.
음식 나온 지 30분 만에 모든 걸 해치움 :)
참고로 제일제면소 제휴 할인 카드 및
사용 가능 상품권은
위 사진 참고 혹은 카운터에서 확인 가능
요즘 시국이 시국인지라
도시락 구성도 다양하게 있던데,
위에 있는 모형만 봐선
뭔가 하나씩 부족한 느낌.
그래도 양손 가득 들고
배달 가시는 모습 오며 가며 종종 봤어요!
다음엔 또 어떤 메뉴를 먹을까 행복한 고민으로
1층 투썸에서 커피 한 잔 테이크아웃
집까지 갈 길이 멀다며 서둘러 돌아온 하루 끝!
50m
© NAVER Corp.
제일제면소 서울스퀘어점
서울특별시 중구 한강대로 416 서울스퀘어 지하 1층 제일제면소
예약
#내돈내산","https://postfiles.pstatic.net/MjAyMTAzMjRfMjcy/MDAxNjE2NTg4Mjc5NTQy.1Kb1EOzF5UZXgHlcmMCgmbjO7xAQZe7cd5pRiAiksCMg.b6egZJDE-09nwEWLZAyp78JpYoyFxLhwp5vIiaF7-sgg.JPEG.tablestorystudio/SE-875B584A-1911-49EC-A0C4-F7D15759E748.jpg?type=w966, https://postfiles.pstatic.net/MjAyMTAzMjRfMjcy/MDAxNjE2NTg4MjgzNDcw.pJKayoH9ITRkr2Bp6QYev3HNSnGlKBG_KT4aACKViJEg.Dal4dPjTV2fqL_AUICbDNhgrpalDFzUBMNWpPTbhS7kg.JPEG.tablestorystudio/SE-1CDECF11-B0E7-44E5-8848-1A238AB4C615.jpg?type=w80_blur, https://postfiles.pstatic.net/MjAyMTAzMjRfMTQ4/MDAxNjE2NTg4MzYxOTQx.unNOWpUOBnITuY-f91NV-HjxvF9f29GdDFlKoa3sThcg.HvwmVrEvgUptdmg4T9GFDpwRI5mfeF0iUjBHt5p4xFYg.JPEG.tablestorystudio/SE-2D5DB283-9ED1-4A15-A1D4-EC08E37DC8AE.jpg?type=w80_blur, https://postfiles.pstatic.net/MjAyMTAzMjRfNjIg/MDAxNjE2NTg4Mzg4NjY5.2-70ymM3WsKi35HHAJwhQg3sxeytp99gq6ibnau0nUMg.wRp8UP1JxwTrtO4pZ4VGfajg0UR-lapyDebghhCNI6sg.JPEG.tablestorystudio/SE-413ADE08-8497-4132-ABDC-ABC4D421BFE0.jpg?type=w80_blur, https://postfiles.pstatic.net/MjAyMTAzMjRfMjQ0/MDAxNjE2NTg4NDE0MzY4.cUp30lxe_YvWPGRyV22zAMwvGg1BLOskhQTGIwOC9tog.NQalhjr5AOelW2exMJ77POCECzxze6NOvwB2-JZdJ8Yg.JPEG.tablestorystudio/SE-C7A4D090-4673-4930-876B-1BC8E9C8279D.jpg?type=w80_blur, https://postfiles.pstatic.net/MjAyMTAzMjRfNTAg/MDAxNjE2NTg4NDM1NjA4.N4T2CjdfUHBItFl4ndwC5OmF0WECYp6CRLk5tWTCNg4g.5uTTAt27FsfdT0Oc577-XfgX7_SpVkiEL1auiOO7R48g.JPEG.tablestorystudio/SE-56BB9F97-66FA-4319-BB55-B6FA58532306.jpg?type=w80_blur, https://postfiles.pstatic.net/MjAyMTAzMjRfNDkg/MDAxNjE2NTg4Mjk1ODU0.QqMud67YfaH-HA424_msvXviiul7QHULy_Ulup3ciYIg.uzCxqlQYzLlbN2ZNVB9AoaEJdR_ddxg32tHPW0pt8Cog.JPEG.tablestorystudio/SE-39A9FD5D-9A13-42EE-AF7B-6739F0FD7363.jpg?type=w80_blur, https://postfiles.pstatic.net/MjAyMTAzMjRfMjQ0/MDAxNjE2NTg4Mjk3NDk2.1ptW_ekCWrX_6aqDkzDFyyNfMPt-AEobU91LIZRB5Okg.DSDeQB4ye4KouBIlLYFGMBotMkral7GBqmo6fzQkzc8g.JPEG.tablestorystudio/SE-13D85DC9-3DCD-457E-8081-926157BBA320.jpg?type=w80_blur, https://postfiles.pstatic.net/MjAyMTAzMjRfMjMg/MDAxNjE2NTg4Mjk5Nzk0.BihFfYCg4dgkfLM1aSxTYdBBGuok27uN8yOvBfVXtVAg.bML8maMJUtMbApUzNyXYFOofX2_J33EuFZgEhil_jmYg.JPEG.tablestorystudio/SE-23578A53-8E61-4E8D-9B64-1E2BB213BC15.jpg?type=w80_blur, https://postfiles.pstatic.net/MjAyMTAzMjRfMjY3/MDAxNjE2NTg4MzAxMzUx.3ccpT9phZ1l_ow3cypF2fjk0S74y5aKIcB0Sp0zTpMMg.m6NUKpoB5sjMAHxy5yN4bU-FjgL4YWYOYwcwMcJrv1sg.JPEG.tablestorystudio/SE-4D370AA0-3781-4750-A094-94437D1AF767.jpg?type=w80_blur, https://postfiles.pstatic.net/MjAyMTAzMjRfMjkw/MDAxNjE2NTg4MzAzMDc0.pzuX7VK1wGYJJqpAIuZmauGli-FHLkLv_HKSBCwSBvog.0knyPzgSDx2MHXzn8lkQ3RIcQMniKFDdl4OWZ8fSqFsg.JPEG.tablestorystudio/SE-2EEE3668-48CE-4F8E-980E-46A0E6FABEFD.jpg?type=w80_blur, https://postfiles.pstatic.net/MjAyMTAzMjRfMjIy/MDAxNjE2NTg4MzA1NTU2.b9vZqtcAK8fra3RG12dcG0lwd9ATxwi9LEE8uKdTE6Ug.mHKDxXC6yj83xY41XOiREXaPcfmoWkH7jh9ejuM0kucg.JPEG.tablestorystudio/SE-CC3241EF-65AD-4326-BDF6-9C843BC8D648.jpg?type=w80_blur, https://postfiles.pstatic.net/MjAyMTAzMjRfMTg5/MDAxNjE2NTg4MzA3NTQy.KfVYctm58u6RifmEVAoG01_esBHZbv_Qj6yNcdhj1Asg.RCvMK2FSzFLQr9a7cubKhUnCeP6bh_6yLusoydQVEGAg.JPEG.tablestorystudio/SE-C429EE99-4173-4ADC-882E-280B77827EAA.jpg?type=w80_blur, https://postfiles.pstatic.net/MjAyMTAzMjRfMTYx/MDAxNjE2NTg4MzA5NzIz.7wrU0A8jRAqhU-uN17Pn98qRw86LdkS5euntYUMCSOgg.b4URbKG5ZNai585WQv6V1YrEycqDO4HJUd9ZLcRha24g.JPEG.tablestorystudio/SE-AF3A1D52-35C6-4BB0-AA25-A6BE1DFD5340.jpg?type=w80_blur, https://postfiles.pstatic.net/MjAyMTAzMjRfMjYx/MDAxNjE2NTg4MzExNzE0.JDMb0szCF0FtRHvrTZ4T1RkcHYVoaNqREiqlevy_AH8g.1qAJ-Qn6i6kJMSEOaVyGKw9mfwUvRYmtyjTEhl1QKn8g.JPEG.tablestorystudio/SE-31D7B8AC-0CC0-4390-8D2F-699C26AC6042.jpg?type=w80_blur, https://postfiles.pstatic.net/MjAyMTAzMjRfMTkw/MDAxNjE2NTg4MzEzNDg5.yqee8iPhRTTeu98ZLCw0OsQA77YdsmxdWhFlLeZSrO0g.fSR_q16AaIdwtVbG-Sw8k2vYcZ2WXRTRJcR7hJ-2LqYg.JPEG.tablestorystudio/SE-9A3B459E-2157-4909-B249-4483493E2CB3.jpg?type=w80_blur, https://postfiles.pstatic.net/MjAyMTAzMjRfODUg/MDAxNjE2NTg4MzE1NjAx.kS8KUv8HuR-9lMR-SR6qHVBy1SMtjHj6L_zn6Iy7RRMg.z_eHDx18IFbSVyIh3wDmFEbHjnIN7OxUspzomVbG5s0g.JPEG.tablestorystudio/SE-BDBF64F6-D025-4476-9356-F5E395CACDE0.jpg?type=w80_blur, https://postfiles.pstatic.net/MjAyMTAzMjRfMTQ2/MDAxNjE2NTg4Mjc2Mzc2.DGEJHxUczAn4d5Ty48sT2nxUM7a_NLmbyrkBEAfvieAg.DDi5j9PyN7jLyaRwVm83sfzN2VdOSTG5Jsd9bKQ1dvAg.JPEG.tablestorystudio/SE-63E39E0B-C7AD-491D-80F8-05310D14987C.jpg?type=w80_blur",,
https://blog.naver.com/tablestorystudio/222300131723,동탄 베이커리 카페 식후 디저트는 미네잇 쿠키 맛집 추천,"글 편집 . 2인용 식탁
며칠 전, 두두 이모가 찾아낸
동탄 베이커리 카페 신상 쿠키 맛집 🍪💚
마침 두라기밥 이모네 집 근처라
산책 겸 걸어서 방문했지요!
누가 보면 혼자서 네 마리 키우는 줄 ^^;
처음 갔을 땐 산책하랴 주문하랴
정신이 없어서 제대로 인증샷도 못 남겼는데
집에서 아이스 아메리카노랑 함께 먹으니
진짜 말. 잇. 못
소보로브라우니
카라멜밀크티
우리가 갔을 땐 오후 5시 반쯤?
다른 종류는 거의 다 소진되고
선택권이 요고 2개 정도 남았더라고요.
소보로브라우니는
속에 초콜릿이 흘러내릴 정도로
정말 촉촉하고 부드러운데
겉에 소보로 식감이 바삭바삭해서
정말 궁합이 좋았어요.
그리고 카라멜밀크티는
살짝 씁쓸하면서 고소한 얼그레이 맛에
달달한 카라멜이 올라가
이것도 완전 내 취향!
어쩌다 남은 2가지 종류가
모두 내 입맛에 딱 맞아서 반해버려따요!
다만, 3명이서 2조각 먹었는데
양이 꽤 많아서 한입씩 남겼네요.
금요일을 그렇게 불태우고
주말 내내 계속 생각나던
동탄 베이커리 카페 쿠키 맛집
월요일 되자마자 못 참고 근처 볼 일 있어서 갔다가
미네잇 과자가게에 잠시 들렸어요!
동탄 베이커리 카페
미네잇 [min8eat]
영업시간
오픈 11시 30분 - 마감 21:00
(매주 월요일 휴무)
위치는 반송동 신도브래뉴 아파트 상가
신도제이마트 뒷편으로 있어요.
주차장으로 들어가면 잘 보인답니다!
주차는 가능하나,
시간대에 따라서 주차가 힘들 때도 있더라고요.
헤헤 기대에 부푼 마음에
주차장부터 차근차근 사진도 찍고
동탄 쿠키 맛집 앞에 도착했는데
뭔가 살짝 이상한 기분이 들더라고요!?
눼잇눼잇🥲
분명 처음 왔을 때 월요일 휴무인 거
체크하고 갔음에도 불구하고 깜박한 거죠.
휴무 요일 찾아볼 생각도 안 하고
그저 쿠키 먹을 생각만 하면서 온 거예요.
현재 마감은 저녁 9시로
소진 시 마감
예약 가능
단, 당일예약은 제품이 품절될 수도 있으니
하루 전날 권장하는 편이고
선 예약은 인스타 하이라이트 스토리
#미네잇라인업 참고하세요!
당일 라인업 게시글 확인 후
성함 / 연락처 / 예상픽업시간 / 제품명 / 갯수
인스타 DM 혹은 매장 전화로
▼ ▼ ▼
Instagram의 미네잇(@min8eat)님 프로필 • 게시물 175개
팔로워 923명, 팔로잉 1명, 게시물 175개 - 미네잇(@min8eat)님의 Instagram 사진 및 동영상 보기
www.instagram.com
전화문의 : 031-8015-8966
(오픈 시간 11:30 이전에는 전화 X)
동탄 베이커리 카페 라인업은
매일 다른 건 아니지만
오픈한지 한 달 사이에 2배로 종류가 늘었다는?
현재 총 18가지가 기다린다고요 ^^
국내산 특란
1등급 박력 밀가루
뉴질랜드산 100% 천연 우유 버터
국내산 쑥,콩,딸기,녹차,흑임자,고구마가루
프랑스산 코코아 파우더
벨기에산 커버춰 초콜릿
프랑스산 생크림
수제 레몬, 라즈베리 글레이즈
제품에 들어가는 재료도
정말 아낌없음.
친구가 베이커리 카페를 하고 있어서
얼핏설핏 오며 가며 듣기론
이렇게 좋은 재료를 쓰면
확실히 맛도 식감도 다르지만
그만큼 재료에 투자하는 부분이 커지므로
남는 게 없다고 하더라고요 ^^;
그래서 쿠키치곤 다소 가격이 비싼 느낌이 있어요.
(가장 저려미가 3600원)
다만 크기랑 두께가 어마무시
위에도 말했듯이
3명이서 2개도 양이 많아요.
월요일 휴무날 실패하고
목요일에 다시 또 들림 ㅋㅋㅋㅋㅋ
한 번 생각나니깐
생각을 멈출 수가 없더라고요 ^^:
오후 3시? 지난번보다 조금 이른 시간에 도착!
그래서 그런지 아직 종류가 하나씩은 있었어요!
사진을 클릭 시 확대
소보로브라우니랑 카라멜밀크티도
너무 맛있게 먹었는데
한 번씩 다 맛보고 싶어서
민트초코
흑임자연유라떼
초코나무숲
콩고물쑥떡
온 김에 뽕을 뽑자며 4개 PICK
보관 용기에 담아 가시면
개당 100원씩 할인이라네요!
분명 들었는데 깜박.
다음에는 꼭 용기 지참해서 가야겠어요 ㅠㅠ
그리고 섭취방법도
촉촉식감 / 꾸덕식감 / 달달식감에 따라 다른데
추천하는 식감은 꾸덕!
냉동실에 하루 이상 보관한 다음
실온에 5-10분 정도 해동 후 섭취하는 방법이에요.
저는 4개가 양이 꽤 많아서
냉동실에 보관 후 하루 1/2개씩 꺼내 먹는데
꾸덕하면서 촉촉함이 아직 있어요!
이렇게 밀폐용기에 보관 시 기한은
냉동 2주일, 냉장 1주일, 실온 2-3일
미네잇 과자류 대부분
당도가 살짝 있는 편이라
하루 권장량이 1-2개
그리고 국내산 콩가루가 들어있으니
두류 알레르기가 있는 분들은 참고하셔요.
처음 갔을 때
커피도 메뉴에 넣을 예정이라고 하셨는데
이번에 가니 핸드드립커피 오픈
잘부탁'드립'니다 hot/ice _ 4800원
디카페인 _ 5000원
직접 내려서 주시는 핸드드립이기 때문에
시간은 10-15분 정도 걸린대요.
요즘 디카페인 위주로 마시는 편인데
디카페인도 있어서 반갑더라구요!
동탄 베이커리 카페 공간은
딱 테이크아웃 하기 좋을 정도로 아담한데
곳곳마다 딥핑크로 포인트를 주어
사장님만의 감성이 묻어 있더라고요.
좀 더 느긋하게 즐기고 싶었으나
주차장에 잠시 깜빡이 켜두고 부랴부랴 들린 터라
호다닥 받아 들고 궈궈
근처 친구네 집 잠시 들려서
같이 먹자고 꺼내는데
임자씨? 임자씨를 내가 언제 주문했지?
했더니 흑임자씨...ㅋㅋㅋㅋㅋ
마음만 급해져선
너낌있게 찍고 싶었는데 폭망ㅋㅋㅋㅋㅋ
일단 먹어야겠다며 쑥쑥이부터 먹는데
정말 이건 과자가 아니라 쑥떡이에요.
쑥향이 진하게 나면서
안에 찰떡이 들어 있어 딱 우리 엄마 스타일!
물론? 저도 맛있었구요?
흑임자, 민초, 초코나무 전부 다 맛있긴 했는데
개인적으로 지난번에 맛본 소보로랑 카라멜이
더 내 취향에 가깝긴 해요!
하지만! 아직 내가 맛보지 못한 종류가 12개!
식후 디저트로 냉동실에 있는 쿠키 비우면
또 한 번 냉동실 채우러 보관 용기 들고 가야겠어요.
월요일 휴무인 거 잊지말긍 ^^:
50m
© NAVER Corp.
미네잇
경기도 화성시 동탄반석로 39 상가동 1층 110호 미네잇
#내돈내산","https://postfiles.pstatic.net/MjAyMTA0MDZfMTEy/MDAxNjE3NjYxMDYxODQ5.vQn2T2pSy8qWmujEQvd6P-KzX9g7HPBtHmHhhO6fCC4g.PGvFstdT1l8ryq9JJ_DcU1M2utwoJ-N6_mnrfN6MBLEg.JPEG.tablestorystudio/SE-D9268D14-456E-4409-B96D-D0D639476346.jpg?type=w966, https://postfiles.pstatic.net/MjAyMTA0MDZfMTY2/MDAxNjE3NjYxMDYzOTky.log-Knhy_VkjRcPSVA_xgfJQg_YgZDC0D6yVUfhLLxYg.uy0ejThvksCV66zkqK7L0gMQck4YmLNmkz-5kw7CWicg.JPEG.tablestorystudio/SE-75A34527-FD1D-48AC-B86C-0DA14E88A550.jpg?type=w966, https://postfiles.pstatic.net/MjAyMTA0MDZfMjI3/MDAxNjE3NjYxMDY2MDA3.CyxBWw66GKBytwSM6OaIE4PP3FSTSU45lUj0celSphIg.jmxYg56HfIUlOEq5wLr2U1qLGO3lAMRGHJ-rxwmX1Fkg.JPEG.tablestorystudio/SE-DAC949C1-043C-4B09-813F-DA1554EFA39E.jpg?type=w966, https://postfiles.pstatic.net/MjAyMTA0MDZfNTYg/MDAxNjE3NjYxMDcwNTQ3.diXKViQWlONhmH5x2YkmgnYh2SvU9-T_JrcvK2e9QuQg.1wxebCO_qRBq71joSv-SkJgS9AIxvm45WlBN0244xFMg.JPEG.tablestorystudio/SE-58BF94B3-6824-42EF-837B-DF16E53FD48F.jpg?type=w80_blur, https://postfiles.pstatic.net/MjAyMTA0MDZfMjI2/MDAxNjE3NjYxMDc0Mzk4.6ulnb56V9Go4QwhlR96fQcO7Rs7LJhSWixhslOHbOrog.h9xyr9IPeyUScJ4aAtJNOpXpE_uFebMYTc5lwyji85sg.JPEG.tablestorystudio/SE-CDFC5790-865F-4688-BB6E-F57EF9BA25DE.jpg?type=w80_blur, https://postfiles.pstatic.net/MjAyMTA0MDZfMjI3/MDAxNjE3NjYxMDgwMDM3.SNm7pVBZklgVxjBNW3G7cM0xk2QGt_paPmrdpy36QIAg.10kfvKofe5Fe-x1nxXmZpQmM4b50zvIdkyadM6t44T8g.JPEG.tablestorystudio/SE-3B28542E-8E28-4093-9B0B-23B807F6EFD2.jpg?type=w80_blur, https://postfiles.pstatic.net/MjAyMTA0MDZfMTM0/MDAxNjE3NjYxNTMzNTE2.QhH0RQZsqTMXKa0rv1pH0RqlmwfXKLcTgLBlkrEnoTMg.lOth-oefg0G41x2T-BoAawN_hLXL82HmRQJUxTRj0dog.JPEG.tablestorystudio/SE-CC8F14BD-E995-4700-B8DA-1D809598416E.jpg?type=w80_blur, https://postfiles.pstatic.net/MjAyMTA0MDZfMTUy/MDAxNjE3NjYxMDg3Njgx.lcLZUYjzcxv_DeLlLaFTCLhmT6Kc5r52eQkUe20OmZ0g.-OAnnzBp6qDCtZ_Bs7SV8xNfcfriTUzH-1GB4fdyXGIg.JPEG.tablestorystudio/SE-1914BD0B-33CA-4AE6-ABBF-3AC0ECC7EA77.jpg?type=w80_blur, https://postfiles.pstatic.net/MjAyMTA0MDZfOTUg/MDAxNjE3NjYxMDg5MTk2.geuZLxtIDXv8jQhO-Mw46UbgIE4I8gPxh1ktKHHseCwg.j8RSVbeiXEYqAj8hHo3CrZ8WhjLT6GzlJ74hJ_hSNiMg.JPEG.tablestorystudio/SE-3F0EFE03-3224-4BCD-AE1D-4C983210E526.jpg?type=w80_blur, https://postfiles.pstatic.net/MjAyMTA0MDZfMTc1/MDAxNjE3NjYxMDkwNjE1.zUKIvDisSwcVJjm9uUJA06T6FbIvRd8kK7RzhXC6C5gg.c1PVqxmXRwsLakd7-9DuoVJR5QGbC_4gDPaJokakM4Qg.JPEG.tablestorystudio/SE-6BBD4752-7FB3-4F67-8FAD-148187AE7A50.jpg?type=w80_blur, https://postfiles.pstatic.net/MjAyMTA0MDZfMzEg/MDAxNjE3NjYxMDk2MDc0.0GDCSFs9fPA9iXRfOjrueuT-kO3R7AtYeZWAOOZd0AEg.LaYL6WDyuiOjT549VWXo2WuAfWfeaLhRlsfnPnOJ6KYg.JPEG.tablestorystudio/SE-1C4E86EA-F1C8-43D2-BB06-145A4D5FA0DC.jpg?type=w80_blur, https://postfiles.pstatic.net/MjAyMTA0MDZfMjAy/MDAxNjE3NjYxMTAyNDYy.9KILM9_A4o297z4OtjmfEHHoo_hECR6ucFz30jXhNC0g.uut7zsKC7vMmkLDrGxWkWdCxHgEyc6Gjgr-OZTRiIP8g.JPEG.tablestorystudio/SE-6816EA95-2398-413E-A731-82F415284F4A.jpg?type=w80_blur, https://postfiles.pstatic.net/MjAyMTA0MDZfMTkx/MDAxNjE3NjYxMTA2Nzcw.uh41qo1WS6I3_5Xg3z5se_rsTI_1gj5KY_0SQ1ysp4og.uzrAcJsDPkscyypEhYqJSv17l0mI8-UBBYB2-D-LsLAg.JPEG.tablestorystudio/SE-b0160a6f-d91f-4a03-aa31-e601d3277c51.jpg?type=w80_blur, https://postfiles.pstatic.net/MjAyMTA0MDZfMzAw/MDAxNjE3NjYxMTEyMjY2.HB1b2Q5Cj0o82xeFlP-lk5oY8Rz2wU99jg-ww6-hYCYg.l4dFoLPXqeoyqFbE5LPLZUjRHEF_oSOyvR72UhQbWwUg.JPEG.tablestorystudio/SE-B2159476-B858-4B3B-92DC-1405FF9B9EEA.jpg?type=w80_blur, https://postfiles.pstatic.net/MjAyMTA0MDZfMjgy/MDAxNjE3NjYxMTE3MzM3.vc1U9aRni9LOCpXlp7onOrSoZlkGfsWx1LzsdXjn_zsg.uYIC2Y5r3-exgrH8ah7uyaQuiQiYRGrFubS8hORUgUog.JPEG.tablestorystudio/SE-1C9AEEA8-FECA-426F-837A-C17D306C8420.jpg?type=w80_blur, https://postfiles.pstatic.net/MjAyMTA0MDZfMTI4/MDAxNjE3NjYxMTIyODQx.jg_7cQQAxveClS1CDnbKk1-vWgbatKoGJF3SLGqRsKcg.ws8Uo0gZ4-wMdmYLe0i6pvnGHehJA_p1mn3SoTOHeZsg.JPEG.tablestorystudio/SE-5E923FBA-559E-4E45-8207-B5B51728FFB6.jpg?type=w80_blur, https://postfiles.pstatic.net/MjAyMTA0MDZfNDQg/MDAxNjE3NjYxMTI4MDg0.Ln-39MSibi8K8sgEI5qR_ZREVKs5H6Yqj64roPe2WHEg.HoUNATBCou8_QYlIU7VZBPIatg31BzGyjMbgYqU9iowg.JPEG.tablestorystudio/SE-B05F32F2-F204-480A-B0D7-3B56E7644E1F.jpg?type=w80_blur, https://postfiles.pstatic.net/MjAyMTA0MDZfMjg2/MDAxNjE3NjYxMTMzNDIx.kKisOsbcZDseFQBiNDs2sOWAFSVzJd1dmMez7C5Mfbog.kEMXpe0qK1CZw-zh_9SPbJFE0dineH7mAEMlpEUAEUMg.JPEG.tablestorystudio/SE-14EA82E0-0FA9-40CF-9CB3-BAA5777C1DAB.jpg?type=w80_blur, https://postfiles.pstatic.net/MjAyMTA0MDZfMjY1/MDAxNjE3NjYxMTM4MjU5.bnMc7ZUObxFKGihVmKyxtgaOwrSW1rX4KOvUC1HqMGYg.tbFIW-9wJXzh88J7nvETVgG-TFjIHhIuPOdA13PUq6sg.JPEG.tablestorystudio/SE-47206612-9F9D-4CC0-AE1A-8BF160075F51.jpg?type=w80_blur, https://postfiles.pstatic.net/MjAyMTA0MDZfNjIg/MDAxNjE3NjYxMTQ0NDg1.j17zjzl7gDanWslIXtBm6O4AcblaucY-Pu1H-OjhLEcg.f_hDP0WQLuCblhHYDgjhvFfZTJezm5w-zM1Vph228xYg.JPEG.tablestorystudio/SE-58E4606D-674B-4AB1-9A18-D9805CBC13FA.jpg?type=w80_blur, https://postfiles.pstatic.net/MjAyMTA0MDZfMTEw/MDAxNjE3NjYxMTUwNzA5.-5USbVPa6O3WDATFq3HHbwOQGTD1QqcDf3HWoMTTuxcg.a5DQPsWbtoLZ5wVVbdh-BM1U_MoTEZmWUxjfLNztc5og.JPEG.tablestorystudio/SE-E0F4EA54-117B-46DE-ADDE-97BAB460296A.jpg?type=w80_blur, https://postfiles.pstatic.net/MjAyMTA0MDZfNSAg/MDAxNjE3NjYxMTU2OTI0.UF7Lo2tkbHkeTfB9a3AwU_SbL7Jp5fhR-b3MKZWMja8g.SJ5oRE42A4FQyDbUcS2XrswaNNTfxuHmTuhgJF-Y_tgg.JPEG.tablestorystudio/SE-496FDDC9-48B9-4FD7-9827-5C6113B4B47A.jpg?type=w80_blur, https://postfiles.pstatic.net/MjAyMTA0MDZfMjAw/MDAxNjE3NjYxMTYyMzk1.Dve8LZdHiQLIZh7zCkr7aQq3kZYAi6yx2P7XV_6pqnMg.zYdC4B1RqM-BSw_vdkljSAWO9lzsQ6KObUmLcDNjnHQg.JPEG.tablestorystudio/SE-730FFE70-0BD3-4CF5-A82D-8E96B32A577C.jpg?type=w80_blur, https://postfiles.pstatic.net/MjAyMTA0MDZfMjA3/MDAxNjE3NjYxMTY2MTUy.tf1-KGCqZ1p66dZk9iqg7WnkaNDF-hHzg_NXFTBg52Yg.n_Jeu65CS4lUDfY6ehnTgnXCNggPw9K_xfDGNWbdd5gg.JPEG.tablestorystudio/SE-7504C52B-308E-488B-9877-8EB6F21ADD75.jpg?type=w80_blur, https://postfiles.pstatic.net/MjAyMTA0MDZfMjA4/MDAxNjE3NjYxMTY5NTUy.Uw8zzoH6_oJsbbkTrqZG8ftD4YwdjOB4ygJ8qsdxFbUg.2sP4Avm-6B1o-xOsWSLZJm5gkUs2ue2j71-x1NuezcIg.JPEG.tablestorystudio/SE-4E1F1E68-68FB-4358-AB9E-E316921A54D4.jpg?type=w80_blur, https://postfiles.pstatic.net/MjAyMTA0MDZfMjc2/MDAxNjE3NjYxMTc0ODQ0.6Y9VNQDUKqm9wcrxB9EKeQIged-MvKh4xSscL_KqlfIg.YZCfYlCcSHmZjKCAdPgERHVaR04Am1ghw-KhpCwu_DUg.JPEG.tablestorystudio/SE-26190CC4-9395-4DEA-AC37-B1EC5E348F29.jpg?type=w80_blur, https://postfiles.pstatic.net/MjAyMTA0MDZfMjAz/MDAxNjE3NjYxMTgxMjA2.rEflJZDuD-dIqZSQrj4XOAtS1gDMriJevG3JaVRXxWkg.R16gpEU5o-5vUQxhOXH4s9ZYvdTq1knkVoGQ7hgEwMcg.JPEG.tablestorystudio/SE-DA1236B6-816B-4CCA-B093-281AD220AE74.jpg?type=w80_blur, https://postfiles.pstatic.net/MjAyMTA0MDZfMTcz/MDAxNjE3NjYxMTg2ODE3.7ioJXRAkSVuaapp2ETdYZhl7bZK7wYejmVF7LxtElOkg.Fd8Y_Ar0c018KfYCZXOuMarcv3dUYVJ3Q3UXMshxsuIg.JPEG.tablestorystudio/SE-4CF59693-03F1-4B79-A60B-A5CBA4854ABA.jpg?type=w80_blur, https://postfiles.pstatic.net/MjAyMTA0MDZfMTAy/MDAxNjE3NjYxMTkyMjQx.ey-zip8SL66LepxjEyrVFLnTwHGBIKgveD76u8ruf6kg.BAp6voSeEKt2UNhSD4bEyEvS1I-JwoN1nq9jexHBbt0g.JPEG.tablestorystudio/SE-1DAE63AC-29B2-478A-B67B-BB431CFDDB1F.jpg?type=w80_blur, https://postfiles.pstatic.net/MjAyMTA0MDZfMTQ1/MDAxNjE3NjYxMTk5MzY2.DYodHUvMK7Zzw-roelMyfQa-AaLAw5PSYW1zpp-5UuIg.-Nrh7OWfr7EemS4Wu7QnK6mkXTnT-3PkOm59ufLx0Tog.JPEG.tablestorystudio/SE-112F4069-E7D8-4279-8B22-5390C2272672.jpg?type=w80_blur, https://postfiles.pstatic.net/MjAyMTA0MDZfNDEg/MDAxNjE3NjYxMDU2NzMx.QZBujkgPH-frFbWzwgj4ChXvFH3q7fFUzjzRMhbLbtcg.QmXZ32INUs40N93ljiBcCevL91uS70BvLKKXuKWBa6Ig.JPEG.tablestorystudio/SE-F9FDC6D8-593C-41F2-A0CC-7D6BE0A3AFB0.jpg?type=w80_blur",,
