Title,Link,Description
HP 빅터스 16 가성비 게이밍 <b>노트북 리뷰</b>,https://blog.naver.com/ggs0011/223652439685,"HP 빅터스 16 가성비 게이밍 <b>노트북 리뷰</b> 오늘은 가성비 게이밍 노트북으로 유명한 HP 빅터스 16 리뷰로 스펙부터 특징 및 가격까지 알아보는 시간을 갖도록 할 텐데, 오늘 소개해 드리는 빅터스 16 경우 유명... "
울트라 7 탑재 가성비 <b>노트북</b> 에이수스 비보북 S 16 OLED <b>리뷰</b>,https://blog.naver.com/tlwmzp123/223614401911,"코어 울트라 7 155H 프로세서에 16GB 온보드 램, 1.5kg 정도의 가벼운 무게의 #16인치 노트북이니... 여기까지 에이수스 #비보북S 16 OLED <b>노트북 리뷰</b>였습니다. -이 포스팅은 쿠팡 파트너스 활동의 일환으로... "
갤럭시북5 Pro 360 <b>리뷰</b>: 태블릿과 <b>노트북</b>을 넘나드는... ,https://blog.naver.com/sinsungcns/223652075039,그럼 바로 제품의 리뷰글을 보러 가실까요? 갤럭시북5 Pro 360은 노트북과 태블릿의 경계를 허물며... 뉴스룸 바로가기 : https://me2.do/xpryvI0W #해시태그 #갤럭시북5Pro360 #<b>노트북리뷰</b> #태블릿모드 #AI기능 #S펜활용... 
갤럭시 북4 엣지 Copilot+ PC 14인치 ARM <b>노트북 리뷰</b>,https://blog.naver.com/lucky_box7/223494610207,"이전 갤럭시 북4 시리즈 <b>리뷰</b>도 했지만 기본 구성품은 크게 다르지 않습니다. 갤럭시 북4 엣지 <b>노트북</b> 본체와 USB-C to USB-C 충전 케이블, 65W 충전 어댑터 구성입니다. 디자인 역시 비슷하다고 보면... "
삼성전자 갤럭시북4 프로360 AI 인공지능 <b>노트북 리뷰</b>,https://blog.naver.com/j2ymoon/223462216399,이렇게 <b>리뷰</b>하게 되었습니다. 삼성 갤럭시북4 프로 360 NT960QGK-K71A 모델명: NT960QGK-K71A 명칭... 삼성에서 이렇듯 완성도 있게 <b>노트북</b>을 내놨는데 기존 갤럭시북3 프로를 쓰는 저희는 슬슬 바꿈신이 오고... 
LG 울트라PC 15UD40R-GX56K <b>노트북  리뷰</b>,https://blog.naver.com/fnzkwm/223596643083,"극한의 가성비를 따지면서 살아왔기에 최근까지도 계속 실사용하고 있었던 한성<b>노트북</b> B34가 너무 느려지고 답답해져서, 큰맘 먹고 구입한 LG <b>노트북</b>입니다 ㅎ (https://blog.naver.com/fnzkwm/220388567244 &amp; 한성 B34... "
에이서 프레데터 헬리오스 18 게이밍 <b>노트북 리뷰</b> 최상의 성능,https://blog.naver.com/joytoseon/223485576247,게이밍 <b>노트북</b>의 세계에서 최상위 성능과 혁신적인 디자인을 찾고 있다면 에이서 프레데터 헬리오스 18 게이밍 <b>노트북</b>은 주목할 만한 제품입니다. 이 포스팅에서는 이 <b>노트북</b>의 주요 특징과 실제 사용... 
HP 13인치 휴대용 <b>노트북 리뷰</b> (13-BE2062AU) 윈도우11 초기... ,https://blog.naver.com/kbjgpfks/223435777335,안녕하세요~ 오늘은 정말 오랜만에 <b>노트북 리뷰</b>입니다. 요즘은 태블릿 사용 비중이 높아져서 노트북 말고 태블릿 구매를 고려하기도 했는데요. 태블릿보다 휴대성 면에서 조금 떨어지긴 하나 노트북이... 
쿠팡에서 산 가성비 <b>노트북 리뷰</b> 빅트랙 512GB • 8GB,https://blog.naver.com/akadora0566/223510655535,"<b>리뷰</b>를 남기고 인증하면 정품 as기간 연장해줘서 적는 슬픈 사연의 <b>리뷰</b>... 회사 특성상 내부... 있는 <b>노트북</b>을 들고 다니곤 했는데 인간은, 아니 나는 게으른 동물이라 몹시 번거로웠다 그래서 알리에서... "
영화 &lt;<b>노트북</b>&gt; <b>리뷰</b>: 클리셰적 정통 로맨스,https://blog.naver.com/pinksky-73/223634691569,넷플릭스에서 본 로맨스 영화 &lt;<b>노트북</b>&gt; <b>리뷰</b>. 레이첼 맥아담스가 배우 생활 초창기에 라이언 고슬링과 함께 찍은 로맨스물이다. 이 작품을 계기로 본격적으로 배우로 뜨게 되었으며 연인 역할로 나온 라이언... 
MSI GF76 17인치 리뷰 가성비 게이밍 <b>노트북 추천</b>,https://blog.naver.com/tlwmzp123/223674077918,여기까지 17인치 대화면 가성비 게이밍 <b>노트북</b> MSI GF76 리뷰였습니다. 고성능에 대화면까지 챙겨가고 싶으시다면 <b>추천</b>드릴 만 한 제품이네요. 긴 글 끝까지 읽어주셔서 감사합니다.
가성비 <b>노트북 추천</b> 삼성 갤럭시북3 Go 5g 무선 마우스 추천... ,https://blog.naver.com/zpzp9285/223636147608,#가성비<b>노트북추천</b> #대학생<b>노트북추천</b> #삼성14인치노트북 #삼성갤럭시북 #삼성갤럭시북3Go #갤럭시북3Go5G #NT345XPA-K14A #무선마우스추천 #무선마우스연결 #블루투스마우스추천 #블루투스마우스연결
업무용 <b>노트북 추천</b> DELL XPS 13 DX9340-WP04KR 리뷰,https://hkebi.tistory.com/3053,여기 까지 이번 포스팅에서는 업무용 <b>노트북 추천</b> DELL XPS 13 DX9340-WP04KR 리뷰를 해보았습니다. 업무용 노트북 찾으시는 분들주에서 디자인적인 측면과 무게등을 많이 고려 하신다면 괜찮을거... 
MSI 게이밍 <b>노트북 추천</b> Sword GF76 B13VFK 장단점은?,https://blog.naver.com/yjg01212/223657955084,"MSI 게이밍 <b>노트북 추천</b> Sword GF76 B13VFK 장단점은? 얼마 전, 지마켓 빅스마일데이가 시작되면서 삼성... 게이밍 노트북다운 독특한 마감, 여기에 키보드에는 4-Zone RGB 백라이트를 탑재하면서 게임 감성을... "
AI 사무용 <b>노트북 추천</b> HP EliteBook 860 G11,https://blog.naver.com/01198916129/223639526397,"휴대성 및 내구성의 균형을 보여주며, 니즈를 충족시켜 주거든요. 만약 여러분이 AI 기능과 높은 보안과 성능을 갖춘 노트북을 찾을 경우 추천드려요. (클릭)▶️제품구매 및 혜택보기 #사무용<b>노트북추천</b>"
HP 가성비 <b>노트북 추천</b> EliteBook 635 Aero G11,https://blog.naver.com/ksw_a/223622365088,이 <b>노트북</b>은 실용성과 성능을 동시에 만족시켜 일상 업무와 다양한 작업을 원활하게 처리할 수 있습니다. 'HP 가성비 <b>노트북</b>'을 찾고 계신 분들께 이 제품을 적극 <b>추천</b>드립니다.
업무용 AI <b>노트북 추천</b> HP 옴니북 울트라 플립 14 후기,https://blog.naver.com/soary81/223659008131,최근 프리미엄 노트북의 트렌드는 'AI' 라고 할 수 있겠습니다. 인공지능 기술의 성장이... 후기를 통해 업무용 AI <b>노트북 추천</b>을 해볼까 합니다. HP 옴니북 울트라 플립 14는 35.6cm(14&quot;) 2880 x 1800 OLED... 
삼성 <b>노트북 추천</b> : 가성비 갤럭시북4 NT750XGR-A71A,https://blog.naver.com/holpi37/223658617610,"삼성 <b>노트북 추천</b> 구성품 - 상자 안에서 덜컹거리지 않게 자리를 딱 맞춰서 들어있습니다. 포장을... - 구성품은 삼성 노트북 본체 외에 C to C 케이블, 어댑터, 설명서입니다. 휴대성을 고려해서인지... "
업무용 삼성 가성비 <b>노트북 추천</b> - 갤럭시북4 NT750XGR-A31A,https://blog.naver.com/okok1326/223650380127,삼성 Galaxy Book 4 총평 NT750XGR-A31A는 2024년 삼성전자의 새로운 가성비 <b>노트북</b>으로 <b>추천</b>받는 제품인데요. 개인적으론 기본 메모리를 16GB로 제공해주는 점이 인상 깊었습니다. 보시다시피 인터넷 창 몇 개에... 
사무용 가성비 16인치 <b>노트북 추천</b> 베이직북16 후기,https://blog.naver.com/skdaksdptn/223667299402,"사무용 가성비 16인치 <b>노트북 추천</b> 베이직북16 후기 이번 글에서는 멀티태스킹 효율이 높고 넷플릭스, 유튜브 같은 OTT를 넓은 화면에서 높은 몰입감으로 즐길 수 있는 16인치 노트북 중에서 매력적인... "
엠베스트 중등 가격 + <b>태블릿</b> 인강 <b>후기</b>!,https://blog.naver.com/hfg574/223537272484,"엠베스트 중등 가격 + <b>태블릿</b> 인강 <b>후기</b>! 올 해도 벌써 반 이상이 지났어요. 아들이 중학교에 입학한 후 시간이 더 빠르게 지나가는 것처럼 느껴졌어요. 3월에 입학한 것이 엊그제 같은데, 벌써 다음 주가... "
6세학습지 한글떼기 밀크티아이 <b>태블릿</b> 교구 활용 <b>후기</b>,https://blog.naver.com/bitsogum001/223651396186,"단순히 <b>태블릿</b>으로 영상 학습만 하는 게 아니라 다양한 참여를 독려하고 있었고, <b>태블릿</b> 학습 후에는... -무료체험 링크 해당 <b>후기</b>는 기기 체험 후 소정의 원고료를 받아 작성하였습니다."
엠베스트 중등인강 <b>태블릿</b> 학습 찐 <b>후기</b>!,https://blog.naver.com/sarosalmon/223627175437,"엠베스트 중등인강 <b>태블릿</b> 학습 찐 <b>후기</b>! 엠베스트 <b>태블릿</b> 가격 효과 본사 홈페이지 상담 신청 엠베스트 <b>태블릿</b> 가격 효과 상담 신청 하기 우리 아이는 공부에 대한 열정이 넘쳤으나, 그에 비해 성적이 별로 좋지... "
엠베스트 중등 가격 <b>태블릿</b> 온라인 강의 찐 <b>후기</b> 공유,https://blog.naver.com/design_gaon_/223661436686,"엠베스트 중등 가격 <b>태블릿</b> 온라인 강의 찐 <b>후기</b> 공유 엠베스트 중등 가격 온라인 강의 알아보기 엠베스트 중등 가격 무료체험 신청하기 우리 아이는 항상 학업에 대한 열정이 가득했지만, 노력에 비해서 성적이... "
삼성 갤럭시 탭 S10 플러스 <b>태블릿</b> AI 기능 <b>후기</b> 얼마나... ,https://blog.naver.com/anisaver/223665146087,"AI 기능 <b>후기</b> 사실 <b>태블릿</b>을 구입하려고 하는 유저들이라면 스마트폰보다 편하게 다양한 작업들을 하기 위해서일텐데, 삼성 갤럭시 탭 S10 플러스는 이런 포인트를 상당히 잘 맞춰서 준비된 제품이라는... "
갤럭시 탭 S9 FE+ 플러스 가성비 <b>태블릿</b> 선물 내돈내산 <b>후기</b>,https://blog.naver.com/heejunrice/223634773233,갤럭시 <b>태블릿</b> 시리즈 중에 갤럭시 탭 S9 FE 플러스 제품입니다 돈만 있으면 뭐 ㅋㅋㅋㅋㅋ 솔직히 갤럭시 탭 S10 플러스로 사는 게 스펙상 확실히 좋기는 하지만 저는 일단 가성비 좋은 <b>태블릿</b>으... 
엠베스트 중등 가격 및 <b>태블릿</b> 인터넷 강의 <b>후기</b> 공유,https://blog.naver.com/nomad_b-/223655589959,않아도 <b>태블릿</b> 하나로 편리하게 공부할 수 있었습니다. 엠베스트 7일 무료 체험하기 2. 여러가지 장점... 수업 후 눈에 띄는 학업 성취도 향상 그리고 교재와 학습 전용 <b>태블릿</b>을 연동시킨 공부 방법 덕분에 모든... 
6세학습지 한글떼기 구몬 <b>태블릿</b> 활용 <b>후기</b>,https://blog.naver.com/yh86yndepg/223654774489,"6세학습지 한글떼기 구몬 <b>태블릿</b> 활용 <b>후기</b> 6살이 되니 유치원에서도 학습을 시작하더라고요 아이가 그동안 한글때기에 크게 관심을 두지 않았었는데, 유치원에서 친구들이 글자를 읽는 모습을 보더니 조금씩... "
갤럭시탭 S10 플러스 볼수록 매력적인 <b>태블릿 후기</b>,https://blog.naver.com/dltmdgns2525/223656059579,오늘은 갤럭시탭 S10 플러스 볼수록 매력적인 <b>태블릿 후기</b> 관련 주제로 이야기를 나눠보는 시간을 가져볼까 합니다. 삼성에서 출시한 새로운 태블릿이 공개되었고 출시 이후 많은 사랑을 받고 있는데 구입을... 
갤럭시 탭 S9 FE 삼성 <b>태블릿 후기</b>,https://blog.naver.com/skdaksdptn/223310886620,"여기에 '멀티 컨트롤' 기능까지 활성화하면 노트북의 키보드, 마우스를 갤럭시 <b>태블릿</b>에서도 사용할 수 있다. 이는 생산성 향상에 긍정적인 영향을 준다. 지금까지 갤럭시 탭 S9 FE <b>후기</b>를 공유했다.... "
가성비 <b>태블릿 추천</b> 레노버 리전 Y700 2세대 실사용기,https://blog.naver.com/yjg01212/223660197083,"가성비 <b>태블릿 추천</b> 레노버 리전 Y700 2세대 실사용기 필자가 레노버 Y700 2세대를 사용한 지도 어느덧... 맺음 준수한 디자인, 그리고 휴대성 01 사실 필자의 관점에서 중국 브랜드의 태블릿이라 하면... "
갤럭시 탭 S10 플러스 <b>추천</b> 삼성 <b>태블릿</b>의 Galaxy AI로... ,https://blog.naver.com/moimoi1357/223610371190,삼성 <b>태블릿 추천</b>을 해야하는 이유가 더 많아졌습니다. 이번 시리즈의 특징은 Galaxy AI를 통해... 직접 테스트를 해 보니 업무용 디바이스로 삼성 갤럭시 탭 추천을 하기에 충분할 만큼 태블릿의 활용성이... 
아이패드 프로 7세대 <b>태블릿</b> PC <b>추천</b>드림,https://blog.naver.com/01198916129/223663380135,"아이패드 프로 7세대 태블릿 PC 추천드림 여러분, 오늘은 요즘 가장 핫한 태블릿 중 하나인 아이패드... 다음 시간에 또 만나요! #아이패드프로7세대 #<b>태블릿추천</b> #태블릿pc #아이패드 #아이패드프로"
iPLAY 50 MINI PRO - 10만원대 가성비 8인치 <b>태블릿 추천</b>,https://blog.naver.com/okok1326/223548619015,8인치 <b>태블릿</b>은 매우 매력적이므로 <b>추천</b>하지 않을 수가 없겠네요. 저 또한 오랫동안 살까말까 고민했는데 슬슬 하나 준비해봐야겠습니다. 지금까지 아이플레이 50 미니 프로 포스팅이었습니다.... 
11인치 가성비 <b>태블릿 추천</b> AVVA PT11,https://blog.naver.com/whitepolarbear/223428806653,"보통 가성비 <b>태블릿</b>은 가격 보다 뛰어난 스펙을 가지고 있다는 것에 전제하에 <b>추천</b>을 합니다. AVVA PT11 역시 훌륭한 디스플레이와 프로세서, 넉넉한 램과 유심까지 지원한다는 것을 생각했을 때 충분히 가격... "
갤럭시탭 A9 플러스 A9+ 인강용 가성비 <b>태블릿 추천</b>,https://blog.naver.com/itexpert/223677249287,"가격도 20만 원 대에 형성되어 있는 가성비 <b>태블릿 추천</b> 모델입니다. 평소 동영상 감상이나 온라인 강의, 학습용으로 가성비 태블릿을 찾고 계셨다면, 참고해 보시기 바라며 이만 마치겠습니다.... "
가성비 8인치 <b>태블릿 추천</b> 샤오미 레드미 패드 SE 8.7,https://blog.naver.com/sanghyo1026/223637215406,가성비 좋고 휴대하기 편한 8인치 <b>태블릿 추천</b> 제품이에요. 샤오미 레드미 패드 SE 8.7 동영상이나 인강 시청을 하기 위한 적합한 태블릿은 큼직한 화면을 가지고 있으며 작고 가벼워 휴대하기 편해야... 
"11인치 인강용 <b>태블릿 추천</b>, 갤럭시탭 S9 일반 모델 및 FE... ",https://blog.naver.com/rlawnstn119/223653184410,8mm의 크기로 동일하게 11인치 디스플레이를 탑재하여 인강용 태블릿으로 적당한 수준을 보이고... <b>태블릿 추천</b> 모델로는 문제 될 소지는 없어 보여요. 무엇보다 S9 FE 기종을 인강용 갤럭시탭 추천... 
아이패드 미니 7세대 출시일 역대급 <b>태블릿 추천</b> 후기,https://blog.naver.com/dltmdgns2525/223676251834,오늘은 아이패드 미니 7세대 출시일 역대급 <b>태블릿 추천</b> 후기 관련 주제로 이야기를 나눠보는 시간을 가져볼까 합니다. 현재 애플에서 출시한 미니 태블릿으로 많은 사랑을 받고 있는 iPad Mini 7 모델 구입을... 
갤럭시탭 A9+ 플러스 가성비 보급형 <b>태블릿 추천</b>,https://blog.naver.com/danwoo47jh/223643414076,"가성비 보급형 <b>태블릿 추천</b>으로 가격 성능 딱 기본 이상이라 굿굿 갤럭시탭 A9+ 케이스 저희 아이는 요... ㅜㅜㅎ 무튼!! 가성비, 보급형 태블릿 찾는 분은 30만원정도인 갤럭시탭 A9+ 추천해요! :)"
